pregunta,respuesta,keywords
"Fui a capacitacion, pero me devolvieron. ¿Que debo hacer ahora?","Por favor, comunícate con un agente al +56 2 2666 0874 para revisar tu caso y reagendar tu capacitación lo antes posible, o pídeme que te transfiera con un agente para recibir apoyo humano.",fui capacitacion devolvieron ahora
¿Como debo ir vestido a mi prestacion de servicio?,"Para tu prestación de servicio, te recomendamos presentarte así:

- Pelo tomado y ordenado.
- Polera Zubale; si no tienes, una negra u oscura sin estampados.
- Pantalón jeans o de tela largos, sin cortes ni rasgados.
- Zapatos o zapatillas casuales cerradas y sobrias.
- Polerón Zubale; en caso de que necesites, si no tienes, uno negro u oscuro.
- Credencial: tendrás tu credencial digital en la app y, al llegar a tienda, el coordinador de sala te entregará tu credencial impresa. Te pedimos portarla en todo momento.",vestido prestacion servicio
Como agendo mi capacitacion y que necesito?,"Para agendar tu capacitación presencial, primero completa tu registro en la app. Luego:
1. Entra al apartado Reservas.
2. Selecciona la tienda, el día y la franja de tiempo disponible.
3. Si es tu primera vez, agenda solo 1 espacio.

Recuerda ir con ropa cómoda, sin estampados y de colores oscuros (de preferencia negro). La noche anterior recibirás el contacto del coordinador de Zubale en tienda por si necesitas apoyo al llegar.",agendo capacitacion necesito
Cuando llegue a tienda donde me dirijo ?,"Al llegar a la tienda el día y en la franja de tiempo de tu reserva, dirígete al mesón de coordinadores de Zubale. La noche anterior te llegará un mensaje con el nombre y contacto de tu coordinador, por si necesitas apoyo.",llegue tienda dirijo
Quiero cambiar mi rol,"🛒 Para cambiarte a otra marca o rol:
1. Abre la app de Zubale.
2. Ve a tu perfil y selecciona Centro de ayuda.
3. Haz clic en """"Iniciar conversación"""".
4. Escribe tu correo registrado y solicita el cambio de rol.
5. Indica claramente a qué rol y marca deseas cambiarte.

💬 Nuestro equipo de soporte revisará tu caso y te indicará los pasos a seguir.",cambiar rol
"Buen día, me está arrojando este error mi aplicación! Hay que hacer algo ?","Lamento que estés teniendo problemas con la app.
Te compartimos qué hacer según tu situación:

✅ Si puedes ingresar a la app:
1. Abre la app de Zubale.
2. Ve a tu perfil y selecciona Centro de ayuda.
3. Haz clic en ""Iniciar conversación"".
4. Escribe tu correo registrado y describe brevemente el error que estás viendo.

❌ Si el error no te permite ingresar a la app:
Ingresa a 👉 https://www.zubalero.com/cl/soporte/",está arrojando error aplicación
Como puedo cambiar mi número de celular en la app,"✅ Si aún tienes acceso a tu número anterior y puedes ingresar a la app:
1.Abre la app de Zubale.
2. Ve a tu perfil y selecciona Centro de ayuda.
3. Haz clic en ""Iniciar conversación"".
4. Escribe tu correo registrado y menciona que deseas cambiar tu número de teléfono.
5. Indica el nuevo número que deseas registrar.

❌ Si el error no te permite ingresar a la app:
Ingresa a 👉 https://www.zubalero.com/cl/soporte/",cambiar número celular app
"Disculpa, en que momento se refleja el cambio de tienda?","Si deseas cambiar de tieda, no hay ningun problema, solo debes escoger tus citas en otra de tu gusto. Ahora bien, si deseas cabiar de cliente, debes solicitarlo con la coordinacion de sala o bien con soporte a través del siguiente enlace 👉 https://www.zubalero.com/cl/soporte/
Recuerda cancelar tus reservas en la tienda donde ya no estarás activo y comenzar a realizar tus reservas en la nueva tienda que elijas.",momento refleja cambio tienda
"Si se llegara abrir una vacante para una tienda o marca diferente a la que me voy a activar, podría realizar el cambio ?","Para cambiarte a otra tienda:
No hay problema. Solo debes cancelar tus reservas actuales y hacer nuevas reservas en la tienda que prefieras directamente desde la app.

🛒 Para cambiarte a otra marca o proyecto:
1. Abre la app de Zubale.
2. Ve a tu perfil y selecciona Centro de ayuda.
3. Haz clic en ""Iniciar conversación"".
4. Escribe tu correo registrado y solicita el cambio de marca.
5. Indica claramente a qué marca deseas cambiarte.

💬 Nuestro equipo de soporte revisará tu caso y te indicará los pasos a seguir.",llegara abrir vacante tienda marca diferente voy activar
Puedo cambiar mi aplicación a otro teléfono ?,"Sí, puedes usar tu cuenta de Zubale en otro teléfono, siempre que el dispositivo sea compatible con la app.

📲 Una vez instalado, solo debes iniciar sesión con tu correo o número y contraseña registrados.
Si tienes problemas al cambiar de dispositivo, puedes contactar a soporte desde 👉 www.zubalero.com/cl/soporte/",cambiar aplicación teléfono
Hay manera de qué se pueda abordar directamente con soporte técnico?,"Sí, puedes contactar directamente al equipo de soporte técnico.
Solo sigue estos pasos según tu situación:

✅ Si puedes ingresar a la app de Zubale:
1. Abre la app.
2. Ve a tu perfil y selecciona Centro de ayuda.
3. Presiona ""Iniciar conversación"".
4.Escribe tu nombre, correo y teléfono registrados, y explica brevemente tu problema.

❌ Si no puedes acceder a la app:
Ingresa a 👉 https://www.zubalero.com/cl/soporte/",manera pueda abordar directamente soporte técnico
"Hola buenas tardes ! al ingresar a la app no me da la tienda en a que me quiero activar, qué hago?","Puede pasar por dos motivos: (1) por el momento no hay cupos disponibles en esa tienda o (2) la app no tiene acceso a tu ubicación. Revisa que tengas la ubicación activada y los permisos habilitados para Zubale. Importante: la capacitación presencial se realiza en la tienda que eliges durante el registro. Al finalizar tu registro, entra a Reservas, toca Reservar turnos y elige el día y la franja de tiempo disponible (para tu primera cita, reserva solo 1 espacio). Una vez que completes tu capacitación, podrás reservar espacios en la sala de tu preferencia según disponibilidad.",ingresar app tienda activar
"Tenia un saldo en mi cuenta pero ya no puedo accesar a ella, qué puedo hacer?","Si ya no puedes acceder a tu cuenta y tenías un saldo pendiente, no te preocupes, vamos a ayudarte a recuperarla o revisar tu caso.
Por favor, contáctanos aquí  👉 https://www.zubalero.com/cl/soporte/
💬 Nuestro equipo de soporte te responderá lo antes posible para ayudarte a solucionarlo.",tenia saldo cuenta accesar ella
"Ya puede acceder ahora sí bien a la app, pero tuve que instalarlo en otro equipo, y aún así aparece como si fuera nuevo usuario, está bien?","Hola, gracias por tu mensaje.
Si al instalar la app en otro equipo aparece como si fueras un nuevo usuario, lo más probable es que no hayas iniciado sesión con el mismo correo registrado originalmente.

🔄 Te sugerimos hacer lo siguiente:
1. Verifica que estás usando el mismo correo y número de teléfono con el que te registraste.
2. Cierra sesión y vuelve a iniciarla para actualizar la información.

📲 Si después de esto el problema continúa, por favor contáctanos a través de 👉 https://www.zubalero.com/cl/soporte/

Nuestro equipo de soporte revisará tu caso y te ayudará a recuperar tu cuenta correctamente.",acceder ahora app tuve instalarlo equipo así aparece
"Si, otra duda si se podía separar y/o asignar más de una tienda?","Sí, puedes optar a más de una tienda, siempre que pertenezcan al mismo cliente.
Por ejemplo, puedes agendar en distintas tiendas Walmart sin problema.

🛒 Si deseas cambiarte de cliente (por ejemplo, de Walmart a Jumbo), es necesario solicitarlo a través de soporte desde la app:
1. Abre la app de Zubale.
2. Ve a tu perfil y selecciona Centro de ayuda.
3. Presiona ""Iniciar conversación"".
4. Comparte tu nombre, correo y teléfono registrados, y menciona que deseas cambiar de cliente o tienda.

💬 Nuestro equipo revisará tu solicitud y te indicará los pasos a seguir.",podía separar asignar tienda
Para solicitar un cambio de tienda con quien lo puedo ver?,"Si deseas cambiarte a otra tienda del mismo cliente (por ejemplo, de una tienda Walmart a otra), puedes hacerlo directamente desde la app de Zubale, reservando en la nueva tienda.

🛒 Si quieres cambiar de cliente (por ejemplo, de Walmart a Jumbo), es necesario solicitarlo a través de soporte:
1. Abre la app de Zubale.
2. Ve a tu perfil y selecciona Centro de ayuda.
3. Haz clic en ""Iniciar conversación"".
4. Comparte tu nombre, correo y teléfono registrados, y explica que deseas cambiar de cliente o marca.

💬 Nuestro equipo te ayudará con el proceso.",solicitar cambio tienda quien ver
Pero quería ver si hay la posibilidad de que pueda cambiar de vehículo a carro?,"¡Claro que sí! Puedes solicitar el cambio de vehículo a carro sin problema.

Para hacerlo, sigue estos pasos desde la app de Zubale:
1. Ve a tu perfil y selecciona Centro de ayuda.
2. Presiona “Iniciar conversación”.
3. Comparte tu nombre, correo y teléfono registrados.
4. Indica que deseas cambiar tu vehículo a carro y proporciona los nuevos datos.

💬 Nuestro equipo de soporte te ayudará con el proceso para que puedas continuar sin contratiempos.",quería ver posibilidad pueda cambiar vehículo carro
Pregunta si cambio de celular pero mantengo la línea no hay problema con la app?,"No hay problema si cambias de celular y mantienes tu misma línea.
Solo asegurate de que el nuevo equipo sea Android y que sea compatible con la app de Zubale y de iniciar sesión con tu correo o número registrados.

📩 Si al hacerlo la app te muestra información incorrecta o aparece como si fueras un nuevo usuario, por favor contáctanos por soporte web:
Ingresa a 👉  https://www.zubalero.com/cl/soporte/

💬 Nuestro equipo revisará tu caso y te ayudará a recuperar tu acceso correctamente.",cambio celular mantengo línea problema app
"Que crees quiero  cambiar la aplicación a otro número, se puede?","¡Claro que sí! Puedes cambiar el número de teléfono asociado a tu cuenta de Zubale.

Dependiendo de tu situación, sigue una de estas dos opciones:

✅ Si aún tienes acceso a tu número anterior:
1. Abre la app de Zubale
2. Ve a tu perfil y selecciona Centro de ayuda
3. Presiona “Iniciar conversación”
4. Comparte tu nombre, correo y número registrados
5. Indica que deseas cambiar tu número de teléfono y proporciona el nuevo número

❌ Si ya no tienes acceso al número anterior:
Ingresa a 👉 https://www.zubalero.com/cl/soporte/

💬 Nuestro equipo te ayudará lo antes posible para que continúes con tu proceso sin inconvenientes.",crees cambiar aplicación número
"Necesito completar mi registro, pero la app no me lo permite","Lamento lo ocurrido. ¿En qué paso se te queda el registro (crear cuenta, validar correo, crear contraseña, subir documentos o Reservas)? Si me cuentas qué error te aparece, te oriento. Si prefieres apoyo humano, pídeme que te transfiera con un agente y con gusto lo hago.",necesito completar registro app permite
Dice ya existe una cuenta asociada a éste dispositivo,"🔎 ¿Ya te habías registrado antes?
Es completamente normal ver este mensaje. Solo asegurate de iniciar sesión con el correo o número registrado.

📌 Si no recuerdas tus datos o no puedes acceder a tu cuenta, contáctanos por soporte web:
Ingresa a 👉 https://www.zubalero.com/cl/soporte/

❓ ¿Es tu primer registro?
Es posible que ese dispositivo ya esté vinculado a otra cuenta. En ese caso, sigue los mismos pasos anteriores para que podamos ayudarte a validar tu información.

💬 Nuestro equipo de soporte te responderá en poco tiempo para resolverlo contigo.",dice existe cuenta asociada éste dispositivo
¿En que consiste la firma del acuerdo de prestacion de servicio?,Es la confirmación de que aceptas los términos y condiciones para prestar servicios a través de la app de Zubale. No implica una relación laboral; es parte del proceso para poder operar dentro de la plataforma.,consiste firma acuerdo prestacion servicio
Cuál es el día de descanso?,"En Zubale no hay un día fijo de descanso. Tú eliges cuándo generar ingresos: en la app agendas solo los días y espacios de tiempo en que quieras realizar tareas, y descansas los días que no agendas.",descanso
Cuál es el horario matutino?,"Los espacios matutino varía según la tienda. Revisa en la app, en la sección de reservas, los espacios disponibles para la tienda en la que quieras realizar tareas.",horario matutino
Cual es el horario?,"Los espacios varían según la tienda. Revisa en la app, en la sección Reservas, para ver los espacios disponibles en la tienda donde quieras realizar tareas.",horario
Cuales son los horarios de trabajo???,"Dependen de la tienda. Consulta en la app, en Reservas, los espacios disponibles. Recuerda: al reservar, podrás tomar pedidos y es recomendable que cubras el espacios reservado de inicio a fin.",cuales horarios trabajo
De cuantas horas al dia son las citas?,"Depende de la tienda. En la app, sección Reservas, verás la duración exacta de cada cita. Al reservar, aseguras la oportunidad de tomar pedidos y generar ganancias, por eso es clave cumplirlo completo.",cuantas horas dia citas
El día de capacitación puede cualquiera de la semana ?,"Cuando completes tu registro en la app, se habilita el apartado Reservas: ahí eliges la fecha y el espacio disponible para tu capacitación presencial (dura aprox. 2 a 3 horas).
Te recomendamos agendar solo 1 cupo; una vez que completes la capacitación podrás reservar tus próximos espacios.

👉 Importante: al llegar a la sala el día de tu cita, recuerda hacer check-in en la app de Zubale para que tu asistencia quede registrada.",capacitación cualquiera semana
En dónde puedo ver los horarios?,"Al completar tu registro en la app Zubale, se habilita el apartado Reservas, donde podrás ver los días y espacios disponibles.

Para tu primera cita (capacitación presencial), agenda solo un espacio. Después de asistir a tienda y realizar tu primera tarea, podrás volver a Reservas y ahí sí agendar más de un turno.",ver horarios
En qué horario hago la reservación?,"La reservación la haces según la tienda y el día que elijas en la app, dentro del apartado de ""Reservas"". Al seleccionar ambos, te aparecerán los espacios disponibles y tú puedes elegir el que más te acomode.",horario reservación
Es con horario?,"No manejamos horarios fijos, pero sí ofrecemos franjas de tiempo para generar ingresos. En el apartado Reservas de la app, según el proyecto/cliente y la tienda, podrás elegir un día y ver las franjas disponibles (por ejemplo, 6 u 8 horas o día completo). Selecciona la que más te acomode, resérvala y preséntate en ese bloque. Te recomendamos cumplir tu reserva completa para maximizar tus ingresos.",horario
Hay algún tipo de flexibilidad con esos horarios?,"Sí, hay flexibilidad: no manejamos horarios fijos, sino franjas de tiempo. Tú eliges en la app el día y la franja disponible que más te acomode según la tienda y el proyecto. Eso sí, una vez reservada la franja, te recomendamos cumplirla completa para maximizar tus ganancias.",tipo flexibilidad esos horarios
"Hola para preguntarte sobre, cuánto tiempo dura la capacitación?","La capacitación presencial se toma solo una vez y dura aprox. 3 horas. Debes reservar tu espacio en la app, en el apartado “Reservas”, y presentarte el día y en la franja que elegiste. Al llegar, haz check-in en la app y dirígete al coordinador (la noche anterior recibirás su contacto). Durante la capacitación, realiza al menos una tarea con tu usuario y, antes de retirarte, haz el check-out. Luego podrás volver a Reservas para agendar tus próximos espacios.",preguntarte cuánto tiempo dura capacitación
Y manejas solo sábado y domingo?,"¡Tienes la libertad de activarte los días que desees, incluyendo sábados y domingos! Tú decides los espacios y días en los que te presentarás. Solo recuerda reservar tu franja de tiempo en la app para asegurar tu cupo.",manejas sábado domingo
Una pregunta Masomenos cuánto es el tiempo de cargar la mercancía y ya salir a entregar ?,"Este tiempo corresponde solo a la carga del pedido una vez que ya está listo (lo arma el picker y el driver llega a retirarlo). La carga puede variar según el tamaño del pedido, pero normalmente toma entre 15 y 30 minutos. Te recomendamos usar ese momento para revisar que esté completo y bien acomodado antes de salir a entregar.",masomenos cuánto tiempo cargar mercancía salir entregar
Yo puedo elegir cuantos días a la semana activarte?,"Sí. Tú eliges cuántos días a la semana deseas activarte, según los espacios disponibles en la app. Y recuerda: mientras más días estés activo, más puedes ganar.",elegir cuantos semana activarte
Los horarios los pongo en yo verdad?,"Sí, tú los eliges. En la app, en Reservas, seleccionas el día y la franja de tiempo que más te acomode según disponibilidad. Te recomendamos reservar con anticipación para asegurar tu cupo.",horarios pongo
Tengo que estar ahí en punto de la hora ?,"Sí, idealmente preséntate puntual al inicio de la franja que reservaste. Así aprovechas al máximo tu espacio, tienes oportunidad de tomar más pedidos y, por ende, generar más ingresos.",punto hora
"Si me interesa , disculpe que es lo que ofrecen en esa vacante por favor y que día se descansa?","En Zubale puedes reservar franjas de tiempo en la app para realizar tareas según el tipo de rol:

Picker: arma pedidos en tienda.
Driver: reparte pedidos.
Shopper: arma y entrega pedidos.

Sobre el descanso: tú lo defines, porque eliges qué días reservar y cuáles no.",interesa ofrecen vacante favor descansa
"Si me queda bien, que horarios manejan?","Una vez que completes tu registro en la app, se habilitará el apartado Reservas, donde podrás elegir el día y la franja de tiempo de tu preferencia. Estos espacios varían según la tienda, el proyecto y el tipo de tarea.

Si es tu primera vez en Zubale (capacitación presencial), agenda solo un día/una reserva. Después podrás volver a Reservas y agendar más espacios.",queda horarios manejan
Si seleccionó un horario tengo que cubrirlo todo?,"Te recomiendo cubrir completa la franja de tiempo que reservaste para aprovechar al máximo tu espacio y generar más ingresos. Si por algún motivo no podrás asistir o necesitas retirarte antes, idealmente cancela o ajusta tu reserva con anticipación para liberar ese espacio y que otra persona pueda tomarlo.",seleccionó horario cubrirlo
Si. Solo los horarios los elige uno o los proporciona la aplicación o la compañía o empresa?,"Tú los eliges dentro de lo que esté disponible en la app. En Reservas seleccionas el día y la franja de tiempo según la tienda y el proyecto. Si es tu primera cita (capacitación presencial), reserva solo 1 espacio; después podrás reservar otros.",horarios elige proporciona aplicación compañía empresa
"Solo puedo activarte de lun a viernes, se puede?","Sí, si así lo prefieres. Tú decides los días que generas ganancias, reservando las franjas de tiempo que tengas disponible en la app de Zubale.",activarte lun viernes
Tengo algún compromiso de presentarme diariamente?,"No. Tú eliges qué días y qué espacios reservar. Solo te pedimos que, si en alguno de los días reservados no puedes presentarte, canceles tu reserva con al menos 48 horas de anticipación.",compromiso presentarme diariamente
Tengo duda con lo de los horarios... Aparece por ejemplo de 2 a 8 PM todo ese tiempo tengo que estar en tienda recibiendo pedidos?,"Recomendamos cumplir con la franja reservada completa para aprovechar mejor tu espacio y generar más ingresos. De todas formas, tú eliges qué espacios quieres reservar; si no deseas estar tantas horas en tienda, reserva un espacio de menos tiempo 🙂",horarios aparece ejemplo tiempo tienda recibiendo pedidos
"Me queda retirado, una pregunta se trabaja las horas que uno tenga disponible así como los días que uno tenga libres?","Sí. Tú eliges los días y la franja de tiempo que tengas disponible en la app, según los espacios que aparezcan en Reservas. Incluso puedes reservar en distintas tiendas (dentro del mismo cliente), procurando que tus reservas no se crucen entre sí.",queda retirado trabaja horas tenga disponible así tenga
Si hago una reserva puedo cancelar o simplemente no activarte?,"Sí, puedes cancelar tu reserva desde la app si no podrás asistir. Hazlo con al menos 48 horas de anticipación, así liberas el cupo para otra persona. Evita no presentarte sin cancelar.",reserva cancelar simplemente activarte
"Solo hay capacitaciones ciertos días, correcto?","Sí, correcto. La disponibilidad de la capacitación presencial depende de la tienda, el proyecto/cliente y el tipo de tarea. Al completar tu registro, podrás ver los cupos en el apartado Reservas de la app. Si es tu primera capacitación presencial, agenda solo 1 espacio; después podrás agendar más.",capacitaciones ciertos correcto
"Seleccioné un rango de horarios y te mencioné que a partir de las 2 podría ir, sin embargo, llegaré como a las 3:30pm está bien?","Lo ideal es presentarte al inicio de tu franja reservada. Si llegarás más tarde, te recomendamos cancelar y reservar otra franja que sí puedas cumplir completa, para aprovechar mejor tu espacio y generar más ingresos.",seleccioné rango horarios mencioné partir embargo llegaré está
Tengo que cumplir con un horario!??,"No hay horarios fijos. Tú eliges el día y la franja de tiempo en la app. Una vez reservada, te recomendamos cumplirla completa para aprovechar más tareas y generar más ingresos.",cumplir horario
Puedo activarte cuando quiera?,"Si, puedes activarte cuando quieras,siempre y cuando haya espacios disponibles. En la app, en el apartado de Reservas, eliges el día y la franja; llegas a tienda, haces check-in y empiezas a recibir tareas.",activarte quiera
No hay problema que llegue a mi tienda que agende tarde ?,"Idealmente, llega al inicio de la franja de tiempo que reservaste para aprovechar al máximo tu espacio, recibir más tareas y generar más ingresos. Si sabes que llegarás tarde, te recomendamos reservar una franja que sí puedas cumplir completa.",problema llegue tienda agende tarde
Podrías informarme si hubiera horarios en la tarde por favor para picker,"Sí, por lo general hay franjas en la tarde para Picker, pero los espacios pueden variar según el cliente, la tienda y la disponibilidad del día. Una vez que completes tu registro, entra a la app en Reservas, selecciona la tienda y ahí verás las franjas disponibles (incluida la tarde, si aplica).",podrías informarme hubiera horarios tarde favor picker
"Se trabaja el tiempo que tú quieras verdad, o tienes horarios ?","Tú eliges cuánto tiempo estar en tienda: en la app, en Reservas, seleccionas el día y la franja de tiempo disponible según la tienda y el proyecto. Te recomendamos reservar una franja que puedas cumplir completa para aprovechar más tareas y maximizar tus ingresos.",trabaja tiempo quieras tienes horarios
¿Como realizo el agendamiento de mis citas?,"Cuando completes tu registro, podrás agendar desde la app en el apartado Reservas. Si es tu primera cita (capacitación presencial), agenda solo 1 espacio; después podrás agendar más espacios según disponibilidad.",realizo agendamiento mis citas
¿Cómo comenzar?,"Descarga la app de Zubale (App Store o Google Play) y completa tu registro. Para ver el paso a paso, te recomendamos este video: 👉 https://www.youtube.com/watch?v=mmg_mAaaM4s

Cuando termines tu registro, entra al apartado Reservas, selecciona el día y la franja de tiempo que prefieras para tu capacitación presencial (recuerda: para tu primera capacitación, reserva solo 1 espacio). La noche anterior a tu reserva recibirás el contacto del encargado de Zubale en tienda. Preséntate ese día en la sala indicada para tomar tu capacitación.",comenzar
Y pedidos de qué son?,"Depende de la tienda y el proyecto, pero en general son productos de retail (por ejemplo, supermercado). La app te mostrará el detalle de cada pedido para que sepas qué artículos seleccionar y/o entregar.",pedidos
¿Como son los horarios de las citas?,"En Zubale no hay horarios fijos. Tú eliges el día y la franja de tiempo que prefieras según disponibilidad en la app, en el apartado Reservas. Te recomendamos cumplir tu franja completa para recibir más tareas y generar más ingresos.",horarios citas
"A qué se refiere que hay más pedidos,,,,si por entrega solo se pueden realizar dos entregas por vuelta?","“Más pedidos” significa más demanda y más oportunidades de recibir tareas durante tu franja. Aunque por vuelta lleves un número limitado de entregas, al completar una vuelta puedes seguir recibiendo más tareas.",refiere pedidos entrega pueden realizar dos entregas vuelta
A que te refieres activado?,"Estar “activado” significa que ya completaste el proceso para operar: registro listo, perfil validado y capacitación realizada. Además, ya realizaste al menos 1 tarea desde tu app. Con tu cuenta activa, podrás reservar distintos espacios, recibir tareas y generar más ganancias con Zubale.",refieres activado
A que te refieres con mi zona ?,"Tu zona es el área donde te encuentras. La app usa tu ubicación para mostrarte las tiendas con disponibilidad en Reservas, para que puedas elegir un espacio y recibir tareas.",refieres zona
"Ah ok ,que sueldo manejan ahí de base disculpe?","En Zubale no se maneja un sueldo base fijo, porque las ganancias son variables. Se componen de una ganancia base por pedido y una parte que varía según el tipo de tarea (por ejemplo, por km o por SKU). Además, contamos con diferentes tipos de bonos para potenciar tus ganancias.

Para conocer la tarifa de tu caso, puedes contactar a un agente o el coordinador te la compartirá en tu primer día en tienda.",sueldo manejan base
Ah okey y es mediante qué horario ?,"Las franjas de tiempo dependen de la tienda y el proyecto. Puedes verlas en la app, en el apartado Reservas, y elegir el día y la franja que más te acomode. Cuando llegues a tienda y hagas check-in, la app empezará a asignarte tareas. Te recomendamos cumplir tu franja completa para aprovechar más tareas y generar más ingresos.",okey mediante horario
Algún requisito con el que debe cumplir para para activarme?,"Para activarte en Zubale necesitas:

- Ser mayor de 18 años.
- Tener inicio de actividades en el SII (para la emisión de boletas).
- Descargar la app de Zubale (teléfono compatible) y completar tu registro.
- Si te registras con vehículo (Shopper o Driver): licencia vigente y documentos al día (SOAP y permiso de circulación).
- Agendar y asistir a tu capacitación presencial desde el apartado Reservas (la primera vez, solo 1 espacio).",requisito debe cumplir activarme
Alguna oficina a dónde dirigirme para entregar mi documentación?,"No es necesario acudir a una oficina. Todo se realiza a través de la app de Zubale: es sencilla y muy amigable, y te irá indicando el paso a paso para completar tu registro y subir tu documentación.

En general, te pedirán tu documento de identidad vigente y, si te registras con vehículo, también SOAP, licencia de conducir y permiso de circulación (vigentes).

Te recomendamos ver el siguiente video antes de comenzar 👉 https://www.youtube.com/watch?v=mmg_mAaaM4s",oficina dirigirme entregar documentación
Bajo la aplicación?,"Sí. Descárgala desde App Store (iPhone) o Google Play (Android).

Antes de comenzar, ten a mano:
1. Documento de identidad vigente
2. Si tienes vehículo: SOAP, licencia y permiso de circulación vigentes

Luego en la app:

1. Crea tu cuenta y valida tu correo para crear tu contraseña.
2. Activa permisos de ubicación.
3. Completa tus datos y sube tus documentos.
4. Entra a Reservas y agenda 1 espacio para tu capacitación presencial.",bajo aplicación
Buen día disculpa la molestia pero debo emitir boleta de honorario para recibir mi pago?,"No. La emisión de boletas de honorarios se realiza automáticamente desde Zubale, por lo que no necesitas generarlas tú.
Eso sí, para poder recibir los pagos es obligatorio que tengas inicio de actividades en el SII.

Cada semana recibirás tu boleta por correo electrónico, al email que registraste en la app de Zubale.",molestia emitir boleta honorario recibir pago
Buen día ya tengo la aplicación...y como continuo con el proceso?,"Si ya tienes la app, el siguiente paso es completar tu registro.

Antes de empezar, ten a mano:
1. Documento de identidad vigente
2. Código postal (puedes buscarlo en Google Maps)
3. Si tienes vehículo: SOAP, licencia y permiso de circulación vigentes

Luego, en la app:

1. Crea tu cuenta y valida tu correo para crear tu contraseña.
2. Activa permisos de ubicación.
3. Completa tus datos, indica tu tipo de vehículo (si aplica) y sube tus documentos.
4. Entra a Reservas y agenda 1 espacio para tu capacitación presencial. 👉 https://youtube.com/shorts/Ab_MtQNSh08",aplicación continuo proceso
Buenas tardes habrá alguna vacante disponible?,"Sí. Siempre hay vacantes disponibles en Zubale para activarte como shopper, picker o driver. Puedes verlas en la app. Si cumples con los requisitos y tu perfil es aprobado, podrás activarte y empezar a generar ganancias de inmediato.",habrá vacante disponible
"Buenas tardes, de momento no cuento con auto si tengo equipo Android, hay algo en que pueda activarte con ustedes? O sólo con auto?","Sí. Zubale ofrece tareas que no requieren vehículo, como la vacante de picker, que consiste en armar pedidos de supermercado para compras en línea, llevarlos a la zona de cajas y que otra persona se encargue de la entrega.",momento cuento auto equipo android pueda activarte ustedes
Cómo es el modo de trabajo??,"En Zubale contamos con distintas vacantes:

- Shopper: armar pedidos de supermercado y entregarlos con tu vehículo en los domicilios de los clientes.
- Picker: armar pedidos de supermercado y llevarlos a la zona de cajas para que otra persona realice la entrega.
- Driver: entregar pedidos de supermercado en domicilios con tu vehículo.

Se paga por cada tarea completada y recibes el pago 1 vez a la semana en tu cuenta del app de Zubale. Tenemos disponibilidad en varias zonas. Indica tu región para darte más detalles y sigue el registro en la app para asignarte la vacante que mejor se adapte a ti.",modo trabajo
Como se realiza el pago de las compras?,"Todos los pedidos están pagados previamente por los clientes. Al terminar de seleccionar los productos, la app genera un código de barras que debes presentar en la zona de cajas para que te entreguen el ticket y puedas salir de la tienda.",realiza pago compras
Con auto? Si hay vacante?,"Sí. Puedes registrarte para realizar tareas como Shopper o Driver, y en ambos casos puede aplicar auto, moto o camión (según el cliente y la tienda/sala).

Para postular, regístrate en la app, completa tu perfil e indica tu tipo de vehículo. Luego revisa Reservas para agendar tu capacitación presencial y ver los espacios disponibles.",auto vacante
Con motocicleta no tienen alguna vacante.?,"Sí, hay opciones con moto para roles como Shopper o Driver, según el cliente y la sala. Regístrate en la app, indica tu tipo de vehículo y según tu ubicación (máximo 10 km de la sala) y la demanda en tu zona, se te asignará una vacante para que puedas tomar pedidos y generar ganancias con Zubale.",motocicleta tienen vacante
Con quién me dirijo???,"Cuando completes tu registro en la app, entra al apartado Reservas y agenda tu capacitación presencial: elige la tienda, el día y la franja de tiempo disponible (si es tu primera vez, reserva solo 1 espacio).

La noche anterior recibirás el nombre y contacto del coordinador/encargado de Zubale en tienda. Al llegar, dirígete al mesón de coordinadores de Zubale o consulta por el coordinador para que te guíe a la sala de capacitación.",quién dirijo
Crees q me vaya bien ahí con esos horarios? Hay chanse de ir a comer?,"Sí, tú eliges el día y la franja de tiempo que más te acomode según los espacios disponibles en la app. Te recomendamos cumplir tu franja completa para aprovechar más tareas y generar más ingresos. Y sí, puedes tomar un refrigerio cuando lo necesites.",crees vaya esos horarios chanse comer
Creo que hay una duda entonces ya ahorita hago la reserva para la capacitación o me dirijo directamente a sala?,"Debes hacer la reserva para tu capacitación en la app, en el apartado Reservas (si es tu primera vez, agenda solo 1 espacio). El día de tu reserva, dirígete a la sala indicada para tomar la capacitación. La noche anterior recibirás el contacto del encargado de Zubale en tienda por si necesitas apoyo.",creo entonces ahorita reserva capacitación dirijo directamente sala
Cuál es la diferencia de shopper y delivery?,"La diferencia es la tarea que realizas:

- Shopper: arma el pedido en tienda (selecciona y prepara los productos) y luego lo entrega al cliente.
- Delivery/Driver: solo reparte el pedido, ya armado, desde la tienda hasta el domicilio.",diferencia shopper delivery
Cual es paso a seguir?,"Una vez que completes tu registro en la app, el siguiente paso es agendar tu capacitación presencial. Entra al apartado Reservas, elige el día y la franja de tiempo disponible y agenda solo 1 espacio (por ser tu primera cita). La noche anterior recibirás el contacto del encargado de Zubale en tienda. 👉 https://youtu.be/OEnCFsdeJ-I",paso seguir
Cuáles tiendas disponibles tienes?,"Las tiendas disponibles dependen de tu ubicación. Al registrarte, la app te sugerirá la tienda más cercana (a menos de 20 km) según tu perfil y la demanda en tu zona.",cuáles tiendas disponibles tienes
Cuando me tengo que presentar a tienda?,"Debes presentarte en la tienda el día y en la franja de tiempo que reservaste en la app. Al llegar, haz check-in y, al finalizar tu espacio, recuerda hacer check-out.",presentar tienda
Cuando puedo comenzar?,"Puedes comenzar cuando completes tu registro en la app, subas tus documentos y realices tu capacitación presencial (se agenda en el apartado de Reservas).

Para tu primer día, ven con ropa oscura (ideal negro, sin estampados) y calzado cerrado. Además, trae tu cooler; si aún no tienes, te prestaremos uno los primeros días mientras consigues el tuyo.",comenzar
Cuanto dura la capacitación?,"La capacitación presencial se toma solo una vez y dura aprox. 3 horas. Debes reservar tu espacio en la app, en el apartado “Reservas”, y presentarte el día y en la franja que elegiste. Al llegar, haz check-in en la app y dirígete al coordinador (la noche anterior recibirás su contacto). Durante la capacitación, realiza al menos una tarea desde tu app Zubale y, antes de retirarte, haz el check-out. Luego podrás volver a Reservas para agendar tus próximos espacios.
👉 https://youtu.be/OEnCFsdeJ-I",cuanto dura capacitación
Cuántas tareas asignan al día?,"El número de tareas asignadas al día depende del rol y la tienda en la que te actives. Durante el turno que reservaste, podrás tomar todas las tareas disponibles que alcances a completar.",cuántas tareas asignan
"De que se trata el trabajo, la vacante o las tareas?","En Zubale puedes generar ingresos de forma flexible:

- Shopper: armas y entregas pedidos de supermercado con tu auto desde la tienda al domicilio.
- Picker: recolectas los productos en tienda y los llevas a la zona de cajas para que otro realice la entrega.
- Driver: realizas entregas desde la tienda al domicilio con tu auto.

Elige el rol que más te convenga y empieza a generar ganancias.",trata trabajo vacante tareas
De qué tienes vacante?,"En Zubale puedes realizar distintas tareas:

- Shopper: armas y entregas pedidos con tu auto, conectando a los clientes con sus compras en línea.
- Picker: recolectas productos dentro de la tienda y los llevas a cajas para que otra persona realice la entrega.
- Driver: entregas los pedidos directamente al domicilio de los clientes usando tu auto.

Escoge la opción que mejor se adapte a ti y comienza a generar ingresos de inmediato.",tienes vacante
Debo realizar otro registro?,"Si ya te registraste en la app de Zubale, no necesitas hacer un nuevo registro. Si estás teniendo algún inconveniente, cuéntanos qué problema estás viendo (por ejemplo: no puedes ingresar, no te deja avanzar, error al subir documentos o no te aparecen Reservas) y te ayudamos a derivarte con un agente.",realizar registro
Descargo la aplicación y ahí continuo con el proceso o que debo de hacer?,"Sí, exacto 😊. Descarga la app y continúa el proceso desde ahí.

Antes de empezar, ten a mano:
Documento de identidad vigente
Código postal (lo puedes buscar en Google Maps con tu dirección)
Si tienes vehículo: SOAP, licencia y permiso de circulación (vigentes)

Luego, en la app:
Crea tu cuenta y valida tu correo.
Completa tus datos y, si corresponde, registra tu vehículo y sube tus documentos.
Al finalizar, entra a Reservas y agenda 1 espacio para tu capacitación presencial.",descargo aplicación continuo proceso
Desde un iPhone no se puede?,"Puedes registrarte en Zubale desde iPhone sin problema. Sin embargo, para realizar tareas en tienda y generar ganancias, necesitarás un Android, ya que las aplicaciones complementarias de los clientes solo están disponibles para Android.",iphone
Dice q estoy fuera de rango tengo q estar fuera de la tienda?,"El mensaje “fuera de rango” indica que en este momento te encuentras a más de 20 km de una tienda disponible para realizar tareas. Para poder activarte, debes estar dentro del radio de cobertura de alguna tienda y tener la ubicación activada en tu celular.

Te recomendamos:
- Acercarte a una tienda del proyecto donde te activaste.
- Verificar que la geolocalización esté habilitada y permitida para la app de Zubale.

Una vez dentro del rango y con la ubicación activa, la app podrá mostrarte disponibilidad para comenzar.",dice estoy fuera rango fuera tienda
Disculpa estoy en tienda y me comentaron algo de un grupo pero todavía no me meten eso no depende de que me lleguen tareas ?,"No te preocupes 😊. Los grupos se usan solo para comunicación interna y no influyen en la asignación de tareas; seguramente te agregarán pronto.
Para comenzar, dirígete a la mesa de los coordinadores de Zubale en tienda y avísales que ya estás disponible; ellos te asignarán tu primera tarea y te guiarán en el proceso.",estoy tienda comentaron grupo todavía meten depende lleguen
"Disculpa si fui a la Tienda, pero no me aceptaron?","Lamentamos lo ocurrido. Si ya recibiste el contacto del coordinador de Zubale en sala, comunícate directamente con él para revisar qué pasó y definir los siguientes pasos. Si no recibiste ese contacto o necesitas apoyo adicional, pídeme que te transfiera con un agente humano para ayudarte a revisar tu caso y reagendar lo necesario.",fui tienda aceptaron
Disculpe que es shopper?,"Un shopper es la persona que realiza tareas de armado de pedidos de compras en línea dentro del supermercado y luego los entrega en el domicilio del cliente, generando ganancias por cada tarea realizada.",shopper
Donde espero a que me caigan adentro de tienda o en el auto ?,"Para que te asignen tareas, debes esperar dentro de la tienda. Dirígete a la mesa de los coordinadores de Zubale o al área indicada para Zubale y avísales que ya estás disponible. Desde ahí te asignarán las tareas y te indicarán los siguientes pasos.",espero caigan adentro tienda auto
"El día de mañana , después de ir a tienda a la capacitación, me quedaría a activarte ?","Claro 🙂
Una vez que finalices tu capacitación, si gustas puedes permanecer en tienda realizando más tareas y seguir generando ganancias ese mismo día. No es obligatorio quedarte; tú decides.

Para ir preparado:
Lleva ropa cómoda (ideal negro, sin estampados) y calzado cerrado.
Si eres Shopper o Driver, lleva tu vehículo y tus documentos al día.
Al llegar, marca check-in en la app y, al finalizar tu espacio, check-out.",mañana tienda capacitación quedaría activarte
El día de mañana hay que presentarse con la ropa como lo dice la aplicación pantalón negro y camisa negra y zapato negro?,"Sí, idealmente preséntate con ropa negra o muy oscura, sin estampados ni roturas: pantalón largo (jeans o de tela) y calzado cerrado.",mañana presentarse ropa dice aplicación pantalón negro camisa
El día de mi capacitación me presento en alguna área en especial?,"Sí. El día y franja de tu reserva, dirígete al mesón de coordinadores de Zubale. La noche anterior recibirás el contacto del coordinador por si necesitas apoyo al llegar.",capacitación presento área especial
"Me dijeron que me van a capacitar otra vez, está bien?","Depende del cliente/marca. Si es la misma marca, normalmente no necesitas repetirla. Si cambiaste de marca (ej. de Jumbo a Walmart), puede requerirse una nueva capacitación. Si tienes dudas, consúltalo con Soporte o con el coordinador en tienda.",dijeron van capacitar vez está
En las tiendas cercanas a mi domicilio o hay tiendas disponibles?,"Las tiendas disponibles se muestran durante tu proceso de registro y dependen de tu ubicación y de la demanda en la zona. Si no te aparecen opciones, puede ser porque estás fuera del radio de cobertura o porque la app no tiene acceso a tu ubicación. Revisa que la ubicación esté activada y con permisos habilitados para Zubale; si aun así no aparecen, pídeme que te transfiera con un agente para que te brinde apoyo.",tiendas cercanas domicilio tiendas disponibles
En donde queda la tienda?,"Puedes revisar la ubicación exacta de cada tienda en el mapa disponible en nuestra web 👉  https://www.zubalero.com/cl/

Ahí encontrarás todas las salas con sus direcciones.
Recuerda que la tienda donde asistes a tu capacitación es la que seleccionaste durante tu registro o al reservar tu espacio en la app.

Y una vez que termines tu capacitación, puedes volver al apartado Reservas para agendar tus próximos espacios en la misma sala o en otras salas, siempre dentro del mismo cliente y proyecto.",queda tienda
En dónde hay oportunidad de activarme?,"Las oportunidades de activación se muestran directamente en la app. Al registrarte y completar tus datos, la app te sugerirá la tienda con mayor necesidad según tu perfil y tu ubicación. Si quieres ver más opciones, puedes usar *Elegir otra opción* para revisar otras tiendas disponibles. Todo el proceso se gestiona desde la app.",oportunidad activarme
En las aplicaciones externas el usuario cuál es y la contraseña? O ese lo dan en la tienda ?,"Depende del cliente y del rol.
Si eres usuario nuevo y aún no cuentas con esos accesos, el coordinador en tienda te los entregará durante tu capacitació.
Si ya estás activo y no los tienes, consúltalo directamente con el coordinador en sala para que te apoye.",aplicaciones externas usuario contraseña dan tienda
Entonces si tienes lugar en Walmart?,"*Sí, puede haber disponibilidad en Walmart*, depende de tu zona y de los cupos del día.

Para verlo:
*Regístrate en la app de Zubale.*
Al completar tus datos, la app te mostrará las salas disponibles (incluido Walmart si hay cupos).
Si quieres revisar más opciones, usa *“Elegir otra opción”* para ver otras salas.",entonces tienes lugar walmart
"En caso de algun siniestro, se cuenta con algun tipo de seguro en Zubale?","Como colaborador independiente, cada usuario es responsable del cuidado y los posibles daños de su propio vehículo. Zubale no cuenta con un seguro vehicular, por lo que te recomendamos operar siempre con precaución y tener tu documentación al día.",caso algun siniestro cuenta algun tipo seguro zubale
Es con vehiculo?,"Depende del rol: Shopper y Driver requieren vehículo; Picker no. Si me dices qué rol te interesa, te guío con lo correcto para tu caso.",vehiculo
Es solo de recoger la mercancía y entregarla?,"Depende del rol: Picker arma pedidos en el supermercado; Driver entrega pedidos ya listos; Shopper arma y entrega el pedido.
¿Te gustaría más información sobre alguna de estas vacantes en particular?",recoger mercancía entregarla
Estoy interesada  Cuando empezaría? Que tienda?  Con quién me comunico?,"Puedes comenzar una vez que completes tu registro en la app de Zubale. Durante el registro, la app te mostrará las tiendas disponibles según tu ubicación y podrás elegir dónde activarte.

Al finalizar el registro, entra al apartado Reservas para agendar tu capacitación presencial (si es tu primera vez, agenda solo 1 espacio).
La noche anterior a tu capacitación recibirás el contacto del coordinador de Zubale en tienda, quien te apoyará al llegar.",estoy interesada empezaría tienda quién comunico
"Finalmente, en promedio, cuántas  entregas se hacen al día en 6 horas de trabajo?","Depende de la demanda, la tienda, el tipo de pedidos y tu ritmo. No hay un número fijo garantizado.",finalmente promedio cuántas entregas hacen horas trabajo
He buscado un Android pero solo tengo iPhone que puedo hacer?,"Puedes registrarte desde iPhone, pero para operar en tienda y realizar tareas necesitarás un Android, porque algunas apps complementarias del cliente no funcionan en iOS.",buscado android iphone
Hola disculpa solo me puedo capacitar el día que me indicas?,"No necesariamente. Tú puedes agendar tu capacitación directamente desde la app, en el apartado Reservas, eligiendo el día y la franja de tiempo que mejor te acomode según disponibilidad.

👉 Importante: para tu capacitación presencial debes agendar solo 1 espacio.
Una vez que completes la capacitación, podrás volver a Reservas y agendar más espacios para realizar tareas y generar ganancias.",capacitar indicas
"Hola si, cuento con auto, pero tengo duda, el trabajo consiste en ha er pedidos en el supermercado?","Sí 😊 depende del rol que elijas en Zubale:

Shopper: realizas el pedido completo en el supermercado (armas los productos en tienda) y luego lo entregas al cliente con tu auto.
Driver: retiras el pedido ya armado en el supermercado y lo entregas al cliente.

👉 La app de Zubale se usa para tu registro, reservas y activación.
Una vez en tienda, la asignación de tareas la realiza el coordinador de Zubale en sala, según el rol y la operación del día.",cuento auto trabajo consiste pedidos supermercado
Hola una pregunta se pondrán en contacto conmigo hoy por alguna cuestión o sería hasta mañana una vez que esté en la sucursal?,"La noche anterior a tu reserva suele llegarte un recordatorio con el contacto del coordinador. Si necesitas ayuda antes, pídeme que te transfiera con un agente y te apoyamos.",pondrán contacto conmigo hoy cuestión hasta mañana vez
Ya me habían comentado de zubale que es para generar ingresos extras correcto?,"Sí 😊 Muchas personas usan Zubale para generar ingresos extra de forma flexible.

Tú decides qué días y qué franjas de tiempo reservar según disponibilidad en la app. Además, tus ganancias dependen de las tareas que completes y contamos con bonos que pueden ayudarte a potenciar lo que generas.",habían comentado zubale generar ingresos extras correcto
Tengo una pregunta el trabajo de shopper es presencial?,"Sí 😊 todas las vacantes en Zubale son presenciales.
Como Shopper, te presentas en el supermercado donde agendaste tu espacio, armas los pedidos de compras en línea y luego los entregas directamente en el domicilio del cliente.",trabajo shopper presencial
"Tengo una pregunta, si quiero ser repartidora, puedo traer conmigo a mi niña ?","Por seguridad, no se permiten acompañantes durante la prestación del servicio y las entregas.",repartidora traer conmigo niña
"Tome este turno. Esto quiere decir que durante ese horario puedo recibir entregas? Es decir , aun no tengo pedidos por entregar asegurados?","Reservar una franja te da la oportunidad de tomar tareas, pero la cantidad depende de la demanda del momento.
Al llegar a tienda, haz check-in en la app y dirígete a la mesa de coordinadores de Zubale para que te asignen tareas y te indiquen los siguientes pasos.",tome turno quiere decir durante horario recibir entregas
"Una duda, se podría decir que estar como shopper se gana más que solo como driver o termina siendo lo mismo?","¡Correcto! Los Shoppers con auto tienen el beneficio de poder ganar más, ya que además de las entregas también realizan el surtido de pedidos, lo que incrementa sus ingresos por tarea. Esto les brinda una ventaja adicional y una mayor flexibilidad para maximizar sus ganancias.",decir shopper gana driver termina siendo mismo
Una vez que entregas es responsabilidad del cliente hacer reclamaciones o aclaraciones?,"Si el cliente tiene un reclamo, se gestiona por los canales del cliente/soporte. Tu foco es entregar el pedido completo y en buen estado según lo indicado en la app.",vez entregas responsabilidad cliente reclamaciones aclaraciones
Uno tiene que armar el pedido o ya están echos?,"Depende del rol con el que te actives en Zubale:

Shopper: arma el pedido en el supermercado (selecciona y prepara los productos) y lo entrega al cliente.
Picker: arma el pedido en el supermercado y lo deja listo para despacho; no realiza la entrega.
Driver: no arma el pedido; retira el pedido ya preparado en el supermercado y lo entrega al cliente.",armar pedido están echos
"Vi el anuncio en redes sociales pero no.explica de que se trata, que Empresa es Zubale?","Zubale es una plataforma que te permite generar ingresos realizando tareas en supermercados y tiendas de retail.
A través de la app puedes activarte en distintos roles, según tu perfil:

Picker: armas pedidos en el supermercado.
Shopper: armas pedidos y los entregas al cliente.
Driver: entregas pedidos ya preparados.

Todo el proceso se hace desde la app: te registras, agendas tu capacitación presencial y luego reservas franjas de tiempo para realizar tareas según disponibilidad.
Tú eliges cuándo y dónde activarte, y generas ingresos por cada tarea que realizas 🚀",anuncio redes sociales explica trata empresa zubale
Voy a cancelar y reservar se puede ??,"Sí, puedes cancelar tu reserva desde la app y crear una nueva, siempre que haya disponibilidad en la sala.
Te pedimos cancelar con al menos 24 horas de anticipación para liberar el espacio y que otra persona pueda tomarlo.
Además, te recomendamos reservar una franja que puedas cumplir completa para aprovechar mejor tu espacio y generar más ingresos.",voy cancelar reservar
Una pregunta pero si es lo mismo o en algo cambia yo traia carro solo me pase a moto  hay volve a tomar la capacitacion ??y donde queda mi tienda??,"No necesitas volver a capacitarte 👍
Si ya completaste tu capacitación presencial, puedes reservar espacios en cualquier tienda disponible dentro del mismo cliente desde la app.

Como cambiaste de auto a moto, solo hay que actualizar tu vehículo en el sistema. Pídeme que te transfiera con un agente y te ayudan con eso.
Una vez listo, podrás reservar y tomar tareas sin problema.",mismo cambia traia carro pase moto volve tomar
Tendría q llevar el auto ese día?,"Si te registraste como Shopper o Driver, es importante que lleves tu vehículo.
Durante la capacitación puede ser requerido para el proceso y, además, te permitirá comenzar a realizar tareas al finalizar si hay disponibilidad.",tendría llevar auto
Yo tengo que preparar cada pedido?,"Depende del rol que elijas:
Shopper: arma el pedido en el supermercado y luego lo entrega.
Picker: arma los pedidos en el supermercado, pero no realiza entregas.
Driver: solo retira los pedidos ya preparados y los entrega al cliente.",preparar pedido
Yo pongo el auto ? Gasolina?,Sí. El vehículo y los gastos asociados (como combustible) corren por cuenta del colaborador independiente.,pongo auto gasolina
iPhone es útil ?,"Puedes registrarte desde iPhone, pero para operar y realizar tareas necesitas un Android, ya que las apps de los clientes solo funcionan en ese sistema.",iphone útil
Kiero saber si dando mi carro de alta en su plataforma queda registrado como carro de aplicación??,"No te preocupes, tu auto no queda registrado como un vehículo de aplicación. Solo lo registramos en nuestra plataforma para que puedas realizar las tareas de Zubale de manera fácil y efectiva. Esto garantiza que puedas activarte sin complicaciones y te permite disfrutar de la flexibilidad que ofrecemos.",kiero dando carro alta plataforma queda registrado carro
Algunos de los documentos del vehiculo no están vigente...eso me impediría activarte?,"Sí. Para activarte, los documentos del vehículo deben estar vigentes. De lo contrario, el sistema puede bloquear el proceso. Asegúrate de tenerlos al día para comenzar a disfrutar de todas las oportunidades que ofrecemos.",algunos documentos vehiculo están vigente impediría activarte
Los pedidos son del mismo día o ya están reservados desde un día antes?,"Los pedidos se asignan el mismo día, según la demanda durante la franja que reservaste.",pedidos mismo están reservados
O me podrían apoyar ustedes realizando mis reservas?,"Las reservas deben hacerse desde tu propia cuenta en la app de Zubale 😊
Si tienes dudas sobre cómo reservar o qué espacio elegir, pregúntame y con gusto te explico cómo hacerlo paso a paso.",podrían apoyar ustedes realizando mis reservas
Se puede activarte solo fines de semana ??,"Sí. Tú eliges los días en los que deseas activarte, incluidos fines de semana, según disponibilidad en la app.",activarte fines semana
Se tiene que hacer cita o se puede llegar a cualquier horario?,Es necesario reservar previamente en la app. No se puede llegar sin cita.,cita llegar cualquier horario
"Si claro, como es la forma de pago y horarios ? Ellos me dicen?","Tú eliges los días y franjas en la app. Los pagos son semanales y varían según el rol, tienda y tareas realizadas.",claro forma pago horarios ellos dicen
"Me puedes dar más información para hacer repartidor de zubale, cuánto pagan y que horario y días se puede activarte?","Como Driver realizas entregas de pedidos de supermercado ya armados. Las ganancias son variables según tareas realizadas. Tú eliges días y franjas en la app, y el pago es semanal.",puedes dar información repartidor zubale cuánto pagan horario
Shopper realiza actividades de hacer el súper pagar/cobrar y traslado del mismo al cliente verdad?,"Shopper arma el pedido y lo entrega. No paga ni cobra, ya que los pedidos están previamente pagados.",shopper realiza actividades súper pagar cobrar traslado mismo
Si debe ser Android?,Sí. Para prestar servicio en tienda necesitas un teléfono Android.,debe android
"Si eso me aparece en la aplicación (que no hay vacantes disponibles), entonces ustedes me avisarían al abrir una vacante?","No enviamos avisos automáticos cuando se abren vacantes.
Te recomendamos revisar la app periódicamente, ya que los cupos se actualizan según la demanda.

Además, asegúrate de tener la ubicación activada y los permisos habilitados para la app, ya que sin eso pueden no aparecer tiendas o vacantes disponibles.",aparece aplicación vacantes disponibles entonces ustedes avisarían abrir
Solo es transporte de mercancía?,"Depende del perfil 😊 No siempre es solo transporte.

Driver: solo retira el pedido ya listo y lo entrega.
Picker: arma el pedido en el supermercado (no hace entregas).
Shopper: arma el pedido y también lo entrega.

En la app puedes registrarte y elegir el rol que mejor se adapte a ti.",transporte mercancía
Solo tienes disponible para shopper?,"No. En Zubale hay vacantes para Shopper, Picker y Driver 😊
Las opciones disponibles dependen de tu zona y la demanda del momento.

Al registrarte en la app de Zubale, podrás ver qué vacantes y tiendas están disponibles cerca de ti y elegir la que mejor se adapte a tu perfil.",tienes disponible shopper
Te entregan la mercancía ya hecha en tu vehículo o tienes tu que estar checando la mercancía?,"Depende del rol:

Shopper: tú armas el pedido dentro del supermercado (la app te guía paso a paso) y luego realizas la entrega al cliente.
Driver: el pedido ya está armado en sala; tú verificas que esté completo y realizas la entrega al domicilio.",entregan mercancía hecha vehículo tienes checando mercancía
Tendrás vacantes para solo entregar?,"Sí 😊
Existe la vacante de Driver/Repartidor, que es solo para entregar pedidos ya preparados.
Podrás seleccionar este rol durante tu registro en la app de Zubale, según la disponibilidad en tu zona.",tendrás vacantes entregar
Que procede ? Porque a mí me habían dicho que me corresponde una tienda y si están llenos porque la aplicación me deja reservar ?,"Si la app te deja reservar, es porque sí hay cupos disponibles en esa tienda 😊

Durante el registro puede aparecerte una tienda “recomendada” según tu zona y la demanda, pero si ya pudiste reservar, ¡todo está correcto! Solo preséntate el día y en la franja que elegiste, haz check-in al llegar y aprovecha tu espacio para generar ganancias.",procede porque habían dicho corresponde tienda están llenos
Qué radio al rededor de la tienda manejan ??,El radio de cobertura es de hasta 10 km alrededor de la tienda.,radio rededor tienda manejan
Que tiendas están disponibles?,"Las tiendas disponibles dependen de tu ubicación.
Durante el proceso de registro en la app de Zubale, la aplicación te mostrará las tiendas disponibles según la zona donde te encuentres. Asegúrate de tener la ubicación activada y permitir el acceso a la app para que pueda mostrarte correctamente las opciones disponibles.",tiendas están disponibles
Que tiendas son disculpe?,"Las tiendas disponibles dependen de tu ubicación.
Durante el proceso de registro en la app de Zubale, la aplicación te mostrará las tiendas disponibles según la zona donde te encuentres. Asegúrate de tener la ubicación activada y permitir el acceso a la app para que pueda mostrarte correctamente las opciones disponibles.",tiendas
Que tiendas tienes disponibles?,"Las tiendas disponibles dependen de tu ubicación.
Durante el proceso de registro en la app de Zubale, la aplicación te mostrará las tiendas disponibles según la zona donde te encuentres. Asegúrate de tener la ubicación activada y permitir el acceso a la app para que pueda mostrarte correctamente las opciones disponibles.",tiendas tienes disponibles
Qué zona y/o tiendas están disponibles?,"Las tiendas disponibles dependen de tu ubicación.
Durante el proceso de registro en la app de Zubale, la aplicación te mostrará las tiendas disponibles según la zona donde te encuentres. Asegúrate de tener la ubicación activada y permitir el acceso a la app para que pueda mostrarte correctamente las opciones disponibles.",zona tiendas están disponibles
Quisiera saber en que ciudades se ubican?,"Zubale está presente en varias ciudades de Chile.
Durante el proceso de registro en la app, podrás verificar si operamos en tu ciudad y ver las tiendas disponibles según tu ubicación. Asegúrate de tener la ubicación activada y permitir el acceso a la app para que se muestren correctamente las opciones en tu zona.",quisiera ciudades ubican
Requisitos para ser picker?,"Para activarte como Picker en Zubale necesitas:

Ser mayor de 18 años.
Tener tu documento de identidad vigente.
Contar con un celular Android (para operar).
Completar tu registro en la app y agendar tu capacitación presencial en Reservas.

Luego de tu capacitación, podrás reservar más espacios y empezar a realizar tareas.",requisitos picker
Se podría registrar mi hija y yo ser el conductor?,No. La persona registrada debe ser quien realiza las tareas. No se permite operar en dupla.,registrar hija conductor
Se puede con moto ??,"Sí, se puede con moto.
Durante el proceso de registro en la app, indica que cuentas con moto y la aplicación te mostrará las vacantes u oportunidades disponibles para ese tipo de vehículo, según tu zona y la disponibilidad del proyecto.",moto
Se puede con motocicleta?,"Sí, se puede con moto.
Durante el proceso de registro en la app, indica que cuentas con moto y la aplicación te mostrará las vacantes u oportunidades disponibles para ese tipo de vehículo, según tu zona y la disponibilidad del proyecto.",motocicleta
Se pueden más horas para ganar más?,"Sí. Mientras más franjas reserves y cumplas, más oportunidades tendrás de generar ganancias.",pueden horas ganar
Se recogen en tienda los pedidos?,"Sí.
Los pedidos se recogen en la tienda donde reservaste tu espacio. Desde ahí realizas la tarea correspondiente según tu rol, ya sea armar el pedido o realizar la entrega o ambos.",recogen tienda pedidos
Se recogen los pedidos o yo tengo que surtirlos?,"Depende del rol que elijas:
Shopper: arma el pedido en el supermercado y luego lo entrega.
Picker: arma los pedidos en el supermercado, pero no realiza entregas.
Driver: solo retira los pedidos ya preparados y los entrega al cliente.",recogen pedidos surtirlos
En qué tienda sería la capacitación?,"La capacitación presencial se realiza en la tienda que seleccionaste durante tu proceso de registro en la app.
Ahí mismo reservarás tu espacio de capacitación y recibirás los detalles antes de asistir.",tienda capacitación
Shopper .!  A qué se refiere .?,Un Shopper arma pedidos de supermercado dentro de la tienda y luego los entrega en el domicilio del cliente usando su vehículo.,shopper refiere
"Tengo duda, está aplicación es para preparar los pedidos ?","Durante el proceso de registro en la app de Zubale, podrás elegir el perfil que mejor se adapte a ti. Según el perfil seleccionado, las tareas son:

Shopper: arma el pedido en el supermercado y luego lo entrega.
Picker: arma los pedidos en el supermercado, sin realizar entregas.
Driver: retira pedidos ya preparados y los entrega al cliente.",está aplicación preparar pedidos
"Tengo moto y la mochila grande de uber,hay algún problema?","Puedes usarla, solo asegúrate de cubrir o retirar logos de otras apps.",moto mochila grande uber problema
Me puede decir cuál es la función de un shopper y como me registro?,"Shopper arma y entrega pedidos de supermercado. Para registrarte, descarga la app de Zubale y completa el registro.",decir función shopper registro
Me puedes explicar el de shooper?,"Shopper arma y entrega pedidos de supermercado. Para registrarte, descarga la app de Zubale y completa el registro.",puedes explicar shooper
Me tengo q acercar a una tienda para poder reservar?,"No es necesario acercarte a una tienda para reservar.
Las reservas se hacen directamente desde la app de Zubale, según tu ubicación.

Si es tu primera reserva, recuerda agendar solo 1 espacio, ya que corresponde a tu capacitación presencial, la cual se realizará en la tienda/sala que seleccionaste durante tu proceso de registro en la app.

Una vez que completes la capacitación, podrás volver a Reservas y agendar más espacios en otras salas del mismo proyecto, según disponibilidad.",acercar tienda poder reservar
Mencionan que puede ser como un ingreso extra ?,"Sí. Zubale te permite generar ingresos extra, eligiendo cuándo, donde y cuánto activarte.",mencionan ingreso extra
cuantos Paquetes diarios garantizan?,No hay una cantidad garantizada. Las tareas dependen de la demanda y tu disponibilidad.,cuantos paquetes diarios garantizan
Oiga no hay solo de repartidor? Solo tiene shopper con auto ?,"¡Sí 😊!
En Zubale también hay vacantes solo de Repartidor (Driver), además de Shopper y Picker.

Durante el proceso de registro en la app, podrás elegir el perfil que mejor se adapte a ti y la aplicación te mostrará las vacantes disponibles según tu zona y tipo de vehículo.",oiga repartidor shopper auto
"Para armar los pedidos, se pueden registrar 2 personas?",No. Cada persona debe registrarse de forma individual y realizar sus propias tareas. No se permite activarse en dupla.,armar pedidos pueden registrar personas
Para la capacitación presencial me contactan después? O yo tengo que ir?,"Debes agendar tu capacitación presencial tú mismo desde la app de Zubale, en el apartado Reservas.
Una vez que hagas la reserva, solo debes presentarte el día y la franja que elegiste, en la tienda seleccionada durante tu registro.

La noche anterior recibirás un mensaje de recordatorio con el contacto del coordinador, por si necesitas apoyo al llegar.",capacitación presencial contactan
Pero me dice que debo dejar mi ubicación todo el tiempo?,"Sí.
Es importante mantener la ubicación activa para que la app pueda mostrarte las tiendas disponibles, permitirte reservar espacios y, cuando estés en tienda, asignarte tareas.",dice dejar ubicación tiempo
Pero yo me postule para picker y para eso Cuál sería mi labor a des mo para?,"Como Picker, tu funcion es armar pedidos dentro del supermercado y llevarlos a la zona indicada dentro de la tienda. No realizas entregas a domicilio.",postule picker labor des
Pero yo tengo que tener el auto verdad  Y las otras dos posiciones?,"El vehículo es obligatorio para Shopper y Driver. Para Picker no se requiere auto, ya que solo arma pedidos dentro de la tienda.",tener auto otras dos posiciones
Es solo para hacer pedidos verdad ? Por qué no tengo carro,"Sí. Si no tienes auto, puedes activarte como Picker, que solo arma pedidos en tienda.",pedidos carro
Oye y para picker que se necesita ?,"Para activarte como Picker en Zubale necesitas:

Ser mayor de 18 años.
Tener tu documento de identidad vigente.
Contar con un celular Android (para operar).
Completar tu registro en la app y agendar tu capacitación presencial en Reservas.

Luego de tu capacitación, podrás reservar más espacios y empezar a realizar tareas.",picker necesita
¿Qué es el Nivel de zubalero y cómo funciona?,"Es un sistema de niveles basado en indicadores de desempeño. Según tu nivel, puedes acceder a beneficios adicionales.",nivel zubalero funciona
¿Con qué frecuencia se actualiza mi Ranking?,"Tu Ranking se actualiza en dos momentos:
- Ranking semanal: se actualiza cada semana y es el que define con cuánta anticipación puedes agendar tus espacios. Lo puedes ver en la app.
- Ranking mensual: se actualiza una vez al mes y es el que define cuántos retiros gratis tienes según tu nivel. Lo puedes ver a través del correco electrónico que se envía de forma mensual.",frecuencia actualiza ranking
Estoy interesado en Zubale,"¡Genial! 😊
Para comenzar, descarga la app de Zubale y completa tu registro. Durante el proceso podrás elegir el perfil que más se adapte a ti, ver las tiendas disponibles según tu ubicación y agendar tu capacitación presencial desde la app.

Es un proceso sencillo y la aplicación te irá guiando paso a paso.",estoy interesado zubale
Tengo carro propio pero los documentos no estan a mi nombre,No hay problema. Los documentos del vehículo no necesitan estar a tu nombre para activarte.,carro propio documentos estan nombre
Voy a iniciar mi registro pero mi auto o licencia es de otro estado habrá algún problema?,No hay inconveniente. Puedes registrarte aunque tu licencia o placas sean de otro estado.,voy iniciar registro auto licencia estado habrá problema
Requisitos para activarse como shopper en Zubale,"Para activarte como Shopper en Zubale necesitas:

Ser mayor de 18 años.
Contar con documento de identidad vigente.
Tener vehículo propio (auto o moto, según disponibilidad del proyecto).
Licencia de conducir, SOAP y permiso de circulación vigentes.
Contar con un celular Android compatible con la app.
Completar tu registro en la app de Zubale y asistir a la capacitación presencial (se agenda desde Reservas, solo 1 espacio la primera vez).",requisitos activarse shopper zubale
¿Qué pasa si no entrego un pedido a tiempo?,"Se recomienda mantener un buen desempeño en tiempos de entrega. Si ocurre un imprevisto, comunícate con el cliente y explica la situación.",pasa entrego pedido tiempo
"Si no tengo cooler, ¿Que hago?","Necesitas contar con un cooler. Si no tienes uno, puedes adquirir el de Zubale y el costo se descuenta de tu wallet.",cooler
"Me darán vestuario, uniforme o cómo debo ir vestido?","Al continuar en la operación recibirás polera y credencial. Mientras tanto, ven con ropa oscura y calzado cerrado.",darán vestuario uniforme vestido
Como obtener mi cooler?,"Puedes usar uno propio sin logos de otras apps o solicitar el cooler de Zubale con descuento a tu wallet, avisando al coordinador en sala.",obtener cooler
Donde se adquiere la hielera / mochila / cooler / bolsa - hielera?,Puedes usar uno propio o solicitar el cooler de Zubale a través del coordinador en sala; el costo se descuenta de tu wallet.,adquiere hielera mochila cooler bolsa hielera
Tengo que tener la cooler el día de mi activación?,"Sí. Si te activas como Picker, Shopper o Driver, es necesario contar con una cooler para manejar pedidos que incluyan productos refrigerados y así mantener la cadena de frío.
Si ya tienes una de uso personal, puedes utilizarla siempre que no tenga logos de otras apps. Si no cuentas con una, podrás coordinarlo directamente con el coordinador en sala, quien te indicará cómo obtenerla y el descuento se realiza desde tu wallet.",tener cooler activación
El día de mi capacitación me presentó con o sin cooler?,"Puedes presentarte sin cooler a la capacitación. Durante ese espacio te explicarán su uso y, si al finalizar deseas quedarte realizando tareas, podrás coordinar con el coordinador en tienda para contar con una y comenzar a operar.",capacitación presentó cooler
"Hola buenos días, ya realicé todo el proceso de la app, pero tengo duda con el cooler donde se solicita o bien si yo tengo algunas porque anteriormente estaba en otra app puedo utilizar esas?","Puedes usar un cooler propio siempre que no tenga logos de otras apps. Si no tienes, puedes solicitar el de Zubale con descuento a tu wallet.",buenos realicé proceso app cooler solicita algunas porque
Y para el cooler?,Debes contar con uno. Puede ser propio (sin logos) o solicitar el de Zubale con descuento a tu wallet.,cooler
La vestimenta es obligatoria de color negro..??,"*Idealmente sí:* debe ser negra o muy oscura. Usa pantalón de mezclilla o de vestir, polera/camisa sin estampados y zapatos cerrados (ojalá negros). No se debe usar ropa rota ni rasgada.",vestimenta obligatoria color negro
Quien me va a prestar el cooler?,"El coordinador de Zubale en tienda es quien te orientará sobre el cooler.
Si ya tienes uno propio, puedes usarlo (siempre que no tenga logos de otras apps).
Si no cuentas con uno, el coordinador te indicará cómo obtener el cooler de Zubale, cuyo valor se descuenta directamente desde tu wallet.",quien prestar cooler
"No tengo mochila, es necesario tener una ?","Sí. En todos los proyectos es necesario contar con cooler/mochila térmica para transportar productos refrigerados y mantener la cadena de frío.

Si ya tienes una, puedes usarla si no tiene logos de otras apps.

Si no cuentas con una, el coordinador en tienda te indicará cómo obtener el cooler de Zubale, y su valor se descuenta desde tu wallet.",mochila necesario tener
El cooler se usa aún si es carro?,Sí. El cooler es necesario para mantener la cadena de frío en pedidos con productos refrigerados.,cooler usa carro
¿Como es el pago de mis prestaciones de servicio?,"En Zubale las ganancias se generan por cada pedido que realizas. No hay sueldo fijo ni pago por hora.
El pago varía según el cliente, la tienda, el rol y el proyecto, y se compone de:

1. Monto base por pedido
2. Variables según rol:
Shopper: productos recolectados + kilómetros
Driver/Repartidor: kilómetros 
Picker: productos recolectados 
3. Bonos o recompensas (si aplican, según condiciones)",pago mis prestaciones servicio
¿Donde recibo el pago de mi prestacion de servicio?,Tus ganancias se cargan directamente en la wallet de la app de Zubale. Desde ahí puedes retirar el dinero y transferirlo a tu cuenta bancaria registrada.,recibo pago prestacion servicio
¿Cada cuanto se realizan los pagos?,"Los pagos son semanales y dependen del cliente: Walmart paga los miércoles; Cencosud y nuevos clientes, los martes.",cuanto realizan pagos
"Buenas tardes, una pregunta la capacitacion es pagada?",La capacitación no tiene un pago fijo adicional. Durante la capacitación realizas tareas reales y esas tareas sí se pagan bajo el mismo sistema de tarifas. Las ganancias se cargan a tu wallet en la app.,capacitacion pagada
Buenos días tengo una duda con respecto aal pago de este mes me pueden ayudar?,"Claro 😊 Puedes solicitar ayuda desde la app en Perfil → Centro de ayuda → Iniciar conversación, o desde zubalero.com/cl usando el ícono azul de chat. El equipo de Soporte Finanzas revisará tu caso.",buenos respecto aal pago mes pueden ayudar
Como es la frecuencia de pago?,La frecuencia de pago es semanal. El dinero se carga en tu wallet de la app y luego puedes retirarlo a tu cuenta bancaria.,frecuencia pago
Como es él pago?,"En Zubale las ganancias se generan por cada pedido que realizas. No hay sueldo fijo ni pago por hora.

El pago varía según el cliente, la tienda y el rol, y se compone de:
1. Monto base por pedido
2. Variables según rol:
- Shopper: productos recolectados + kilómetros
- Driver/Repartidor: kilómetros 
- Picker: productos recolectados 
3. Bonos o recompensas (si aplican, según condiciones)",pago
¿Cómo saber el precio de una orden? Y ¿qué pasa los días que no pueda tomar un pedidos?,"Cada sala tiene una infografía de tarifas donde se explica cómo se paga cada pedido. Si hay baja demanda, puedes acceder al Bundle de Conectividad siempre que cumplas las condiciones de tu cita.",precio orden pasa pueda tomar pedidos
Cómo y cuando es el pago que recibo?,El pago es semanal y se deposita en la wallet de la app de Zubale. Desde ahí puedes transferir tus ganancias a tu cuenta bancaria.,pago recibo
Cuanto ganare por mes?,"Tus ganancias mensuales dependen de cuántas tareas realices, tu tiempo de conexión y la demanda. No hay un monto fijo. Como referencia, los promedios varían según rol y desempeño.
• Shopper: ~$1.600.000 CLP mensuales
• Driver: ~$1.400.000 CLP mensuales
• Picker: ~$600.000 CLP mensuales",cuanto ganare mes
Cuánto me quitan de impuestos de la boleta de honorario?,"Zubale emite automáticamente tu boleta de honorarios y aplica la retención correspondiente del SII (15,25% para 2026). El detalle se envía en la cartola semanal por correo.",cuánto quitan impuestos boleta honorario
Cuánto pagan a quienes entregan mercancía?,"Las ganancias varían según el cliente, la distancia, el tamaño del pedido y la zona. Todo se explica en la capacitación mediante la infografía de tarifas.",cuánto pagan quienes entregan mercancía
Cuánto pagan por cada entrega?,"El pago por entrega depende del monto base, los productos del pedido, los kilómetros recorridos y los bonos que apliquen.",cuánto pagan entrega
Cuánto se gana por día?,"Depende de cuántos pedidos realices, el tipo de tareas y la demanda del día. No hay un monto diario fijo.",cuánto gana
Cuánto se paga por tarea?,"El pago por tarea varía según el cliente, el tipo de pedido, los productos, los kilómetros y la zona donde estés activo.",cuánto paga tarea
De qué depende el pago por tarea?,"Depende del tipo de tarea, el monto base del pedido, los productos recolectados, la distancia recorrida y los bonos disponibles.",depende pago tarea
información de pagos etc?,"El pago es variable y se explica en detalle durante la capacitación. Además, cada semana recibes una cartola con el desglose completo de tus ganancias.",información pagos etc
"EL PAGO, COMO ES?","El pago es semanal y se calcula por las tareas realizadas la semana anterior. Cuantos más pedidos completes, mayores serán tus ganancias.",pago
El pago es diario o semanal?,El pago es semanal. No se realizan pagos diarios.,pago diario semanal
Existe alguna ayuda para la gasolina o gastos del auto?,No. Zubale no cubre gasolina ni gastos del vehículo. Las ganancias se generan por pedido y cada persona gestiona sus costos.,existe ayuda gasolina gastos auto
"Hola , una pregunta cuánto es el mínimo por semana?","No existe un ingreso mínimo garantizado. 
Sin embargo, en días de baja demanda Zubale cuenta con el Bundle de Conectividad, que funciona como un piso diario si cumples todas las condiciones de tu cita: reserva previa, conexión completa, toma de pedidos y check-in / check-out.",cuánto mínimo semana
Y como sería el esquema de pago?,Es un esquema variable por pedido: monto base + productos + kilómetros + bonos. El pago se procesa semanalmente vía app.,esquema pago
Y si por alguna razón no puedo completar las horas?,Se paga solo por las tareas realizadas. En ese caso no se accede a recompensas ni al Bundle asociado a esa cita.,razón completar horas
Y apoyan con gasolina? Sueldo base?,No hay sueldo base ni apoyo para gasolina. Las ganancias dependen de tu actividad y desempeño.,apoyan gasolina sueldo base
"Hola, cuentan con bonos para incrementar aún más mis ganancias?","Sí. Existen bonos y recompensas que dependen del cliente, la tienda y el cumplimiento de condiciones como el Bundle de Conectividad.",cuentan bonos incrementar mis ganancias
La capacitación es pagada?,No hay pago fijo por capacitarse. Las tareas que realices durante la capacitación sí se pagan y se cargan a tu wallet.,capacitación pagada
Lo pagan en efectivo?,No. Todos los pagos se realizan exclusivamente a través de la app de Zubale.,pagan efectivo
Los montos informados son brutos o liquidos?,Los montos informados son brutos. La retención se aplica automáticamente y se detalla en la cartola semanal.,montos informados brutos liquidos
Los pagos los retiro diario?,"Tus ganancias se cargan en la wallet de la app de Zubale.
Desde ahí puedes retirar a tu cuenta bancaria registrada.
El monto mínimo de retiro es $3.000 CLP.
Tienes 1 retiro gratuito base al mes y más retiros según tu Nivel de Zubalero; retiros adicionales tienen un cargo de $870 CLP.",pagos retiro diario
Los pagos son a través de la app?,Sí. Todo el proceso de pago y retiro se gestiona desde la app de Zubale.,pagos través app
Los pagos son menos impuestos?,Sí. La retención de impuestos se aplica automáticamente y se refleja en tu cartola de pagos semanal.,pagos menos impuestos
Los pagos son por entrega ...o me equivoco ?,Correcto. Los pagos se generan por cada tarea o pedido completado.,pagos entrega equivoco
Quien me paga?,Zubale te paga directamente por tus prestaciones de servicio.,quien paga
Quien me pagara por la actividad?,"Zubale, a través de la app, de forma semanal.",quien pagara actividad
Se deposita en mi cuenta?,Primero se carga en la wallet de la app y luego puedes transferirlo a tu cuenta bancaria.,deposita cuenta
Se paga en efectivo o es a través de la app?,El pago es exclusivamente a través de la app de Zubale.,paga efectivo través app
Cómo se paga la compra del súper,Todos los pedidos ya están pagados por los clientes. No cobras dinero ni llevas efectivo.,paga compra súper
los pagos son diarios,No. Los pagos son semanales.,pagos diarios
¿Con que perfil puedo prestar servicio y que hace cada uno de ellos?,"Puedes registrarte como: Picker (arma pedidos en tienda), Shopper (arma el pedido y lo entrega), o Driver/Repartidor (retira pedidos ya armados y los entrega). Podrás elegir tu perfil ideal durante el proceso de registro en el app Zubale.",perfil prestar servicio hace ellos
Cuál es la vacante?,"Depende de tu perfil y zona. En general tenemos Picker, Shopper y Driver/Repartidor. Durante tu registro en la app verás cuál está disponible para ti.",vacante
Cualquier modelo de autos. Aceptan ?,"Se aceptan autos hasta 20 años de antigüedad, en buen estado, sedán o hatchback y de 4 puertas. No se aceptan pickups ni taxis rotulados.",cualquier modelo autos aceptan
Disculpa puede ser cualquier modelo de carro?,"Sí, mientras cumpla: hasta 20 años, 4 puertas, buen estado, y no sea pickup ni taxi rotulado.",cualquier modelo carro
Disculpe cuales son los requisitos del automóvil ?,"Auto hasta 20 años, 4 puertas, sedán o hatchback, buen estado. Y con documentos al día (permiso/seguro según corresponda). No pickup ni taxi rotulado.",cuales requisitos automóvil
Dónde me registro?,"Te registras en la app de Zubale.
Puedes registrarte tanto desde iPhone como desde Android, descargando la app desde App Store o Google Play, y siguiendo el paso a paso para crear tu cuenta y subir tus datos/documentos.

📱 Importante: para prestar servicios y realizar tareas, es necesario contar con un teléfono Android, ya que las apps de los clientes donde se realizan las tareas solo funcionan en ese sistema operativo.

Para ver el proceso completo de registro, mira este video:
👉 https://youtube.com/shorts/mmg_mAaaM4s",registro
"Estoy registrado en la pagina , ya pude ingresar, una vez que ingrese que mas tengo que hacer?",Perfecto. El siguiente paso es completar tu registro en la app de Zubale (datos + documentos). Luego eliges tu tienda durante el registro y agendas 1 espacio para tu capacitación presencial en Reservas.,estoy registrado pagina pude ingresar vez ingrese mas
Hola buenos días me podrías dar información acerca de como empieza uno a generar?,"Empiezas así: 1) Regístrate en la app y sube documentos. 2) Agenda 1 espacio para tu capacitación presencial. 3) En la capacitación haces tareas reales y, al terminar, ya puedes reservar más espacios para seguir realizando tareas.",buenos podrías dar información acerca empieza generar
"Ya descargue la app, y ahora que sigue?","Ahora completa tu registro (datos y documentos). Al final, agenda tu capacitación presencial en Reservas (recuerda: solo 1 espacio para tu primera vez).",descargue app ahora sigue
"Hola voy retrasado a mi capacitación, no se si hay algún problema??","Idealmente llega puntual. Si vas atrasado, acércate igual y consulta con el coordinador si aún alcanzas a ingresar. Si no, puedes reagendar tu reserva desde la app.",voy retrasado capacitación problema
Ya nada más para saber con quién me dirijo el día de mañana a la capacitación?,"Te presentas en la sala de la tienda donde agendaste tu espacio. La noche anterior suele llegar un recordatorio con el contacto del coordinador. Si no te llega, pídeme que te transfiera con un agente.",nada quién dirijo mañana capacitación
Y ahí me dicen quien me capacitara ?,"Sí. La noche anterior a tu cita de capacitación recibirás un mensaje con el nombre y contacto del coordinador de Zubale en la sala. El día de tu capacitación, preséntate en la tienda y sala donde reservaste tu espacio y podrás contactarlo al llegar para que te guíe.

Recuerda hacer check-in en la app al llegar.

Para entender cómo agendar tu espacio para la capacitación presencial, mira este video:
👉  https://youtu.be/OEnCFsdeJ-I",dicen quien capacitara
La capacitación que duración tiene?,"Dura aprox. 2 a 3 horas, según la tienda y el proyecto.",capacitación duración
Sería asistir un solo día a capacitación?,Sí. La capacitación presencial es una sola vez. Después podrás reservar más espacios para seguir generando ganancias.,asistir capacitación
Es decir...no contaría con seguro de la empresa?,"En Zubale prestas servicios como colaborador independiente, por lo que no existe un seguro laboral como en una relación de dependencia.
Sin embargo, Zubale cuenta con coberturas para accidentes personales durante la realización de tareas, según las condiciones del proyecto. Para conocer el alcance específico, puedes consultarlo directamente con tu coordinador en sala o pedir que te transfiera con un agente para mayor detalle.",decir contaría seguro empresa
¿Cómo me registro en la app de Zubale?,1) Descarga la app y crea tu cuenta. 2) Valida tu correo y crea tu contraseña. 3) Activa permisos (especialmente ubicación). 4) Completa tus datos y sube documentos. 5) Elige tu tienda durante el registro y luego agenda tu capacitación en Reservas. Video paso a paso para registrarte: https://youtube.com/shorts/mmg_mAaaM4s,registro app zubale
¿Cómo agendo mi capacitación?,"En la app entra a Reservas, elige día y franja y agenda tu capacitación. Para tu primera vez, reserva solo 1 espacio. La capacitación será en la tienda que elegiste durante tu registro. Observa este video 👉 https://youtu.be/OEnCFsdeJ-I",agendo capacitación
¿Aceptan reingresos?,"Sí. Si puedes entrar a la app y ver Reservas, solo agenda tu capacitación y listo. Si no puedes avanzar, pídeme que te transfiera con un agente.",aceptan reingresos
¿Cómo agendo mis próximos espacios para realizar tareas?,"Después de completar tu capacitación, vuelve a Reservas y agenda los espacios que prefieras según disponibilidad. Puedes reservar en la sala/tienda de tu preferencia dentro del proyecto.",agendo mis próximos espacios realizar tareas
¿Cuánto se gana por tarea?,"Depende del cliente, tienda y rol. En general se calcula por pedido con variables como monto base + (productos en el caso de Picker/Shopper) + (kilómetros en el caso de Shopper/Driver) + bonos si aplican. En tu capacitación te entregan la infografía de tarifas.",cuánto gana tarea
¿Cuánto tardan en activarme tras registrarme?,"Puede ser rápido: completas registro y luego haces tu capacitación presencial (agendada en Reservas). Al terminarla, ya quedas listo(a) para reservar más espacios y realizar tareas.",cuánto tardan activarme tras registrarme
¿Cómo es el proceso para activarme?,"1) Completa tu registro en la app y sube documentos. Observa este video: https://youtube.com/shorts/mmg_mAaaM4s
2) En Reservas, agenda 1 espacio para tu capacitación presencial (en la tienda que elegiste al registrarte). 3) Asiste, haz check-in y realiza tareas reales durante la capacitación. 4) Al finalizar, ya puedes reservar más espacios para seguir realizando tareas. Video para agendar capacitación: https://youtu.be/OEnCFsdeJ-I",proceso activarme
¿Cómo me contacto con soporte?,"✅ Si cuentas con acceso al app:
1. Abre la app de Zubale
2. Ve a tu perfil y selecciona Centro de ayuda
3. Haz clic en “Iniciar conversación”
4. Escribe: “Hola, quiero cambiar mi número de celular”
4. Comparte el nuevo número que deseas registrar

❌ Si no puedes ingresar al app:
Entra a 👉  https://www.zubalero.com/cl/soporte/",contacto soporte
¿Cómo retiro mis ganancias?,En la app: Mi dinero → ver saldo → Realizar transacción → Retiro de fondos. Mínimo por retiro $3.000 CLP. Tienes 1 retiro gratis al mes (puede aumentar según tu nivel/rol) y retiros extra tienen costo de $870 CLP por transacción.,retiro mis ganancias
¿Dónde entrego mis documentos?,Los subes directamente en la app durante el registro.,entrego mis documentos
¿Puedo registrarme si alguno de mis documentos esta vencido?,"Idealmente deben estar vigentes. Si algún documento está vencido, puede aparecer un bloqueo. En ese caso, pídeme que te transfiera con un agente para revisar cómo regularizarlo.",registrarme alguno mis documentos vencido
¿Puedo registrarme si mi documento es temporal o de extranjería?,"Sí puedes. Aveces puede generar bloqueo por validación. Si te pasa, pídeme que te transfiera con un agente para ayudarte.",registrarme documento temporal extranjería
¿Qué documentos necesito para iniciar mi registro en la app de Zubale?,"Documento de identidad vigente y código postal. Si vas como Shopper/Driver: licencia vigente, SOAP y permiso de circulación al día.",documentos necesito iniciar registro app zubale
¿Dónde veo el precio de un pedido antes de aceptarlo?,El sistema de tarifas se explica en la capacitación y se refleja en tu cartola semanal con el detalle de cada pedido realizado.,veo precio pedido aceptarlo
¿Puedo cambiar mi número de celular?,"Sí, puedes cambiar el número de celular asociado a tu cuenta.
La forma de hacerlo depende de si aún tienes acceso a tu número anterior:

✅ Si todavía tienes acceso a tu número anterior y puedes entrar a la app:
1. Abre la app de Zubale
2. Ve a tu perfil y selecciona Centro de ayuda
3. Haz clic en “Iniciar conversación”
4. Escribe: “Hola, quiero cambiar mi número de celular”
4. Comparte el nuevo número que deseas registrar

❌ Si ya no tienes acceso al número anterior o no puedes ingresar a la app:
Entra a 👉 https://www.zubalero.com/cl/soporte/

💬 Nuestro equipo te ayudará a hacer el cambio lo antes posible.",cambiar número celular
Mi cuenta apareció bloqueada. ¿Por qué me bloquearon?,"Lamentamos que tu cuenta aparezca bloqueada.
No tenemos visibilidad directa del motivo, pero podemos ayudarte a resolverlo.

🔹 Por favor, contacta a nuestro equipo de soporte a través del sitio web:
Entra a 👉  https://www.zubalero.com/cl/soporte/

💬 Uno de nuestros agentes te asistirá para resolverlo lo antes posible.",cuenta apareció bloqueada bloquearon
Me quiero reactivar con otro número pero la app no me deja.,"Si deseas reactivarte con otro número y la app no te lo permite, no te preocupes. Podemos ayudarte.

🔹 Como no puedes ingresar a la app, por favor contáctanos por soporte web:
Entra a 👉 https://www.zubalero.com/cl/soporte/

💬 Nuestro equipo te ayudará a hacer el cambio lo antes posible.",reactivar número app deja
No deja agregar un número de teléfono,"Si la app no te permite agregar tu número de teléfono, podemos ayudarte a solucionarlo.

🔹 Por favor, contáctanos a través del soporte web:
Ingresa a 👉  https://www.zubalero.com/cl/soporte/

💬 Uno de nuestros agentes te asistirá para resolverlo lo antes posible.",deja agregar número teléfono
¿Cómo puedo empezar en Zubale?,"Para comenzar en Zubale, descarga la app y completa tu registro paso a paso. Durante el proceso deberás crear tu cuenta, subir tus datos y documentos, y elegir el perfil con el que deseas prestar servicios.
👉 Para ver cómo hacerlo, revisa este video corto:
https://youtube.com/shorts/mmg_mAaaM4s",empezar zubale
¿Cómo agendo mi capacitación presencial?,"Una vez que completes tu registro en la app, se habilita el apartado Reservas. Desde ahí puedes elegir la tienda, la fecha y la franja disponible para tu capacitación presencial (recuerda agendar solo 1 espacio).
La noche anterior a tu cita recibirás el contacto del coordinador en tienda.
👉 Para saber como reservar tu espacio para la capacitación presencial, mira este video:
https://youtu.be/OEnCFsdeJ-I",agendo capacitación presencial
No me toma el codigo postal,"Por favor, ingrésalo en el siguiente formato XXX-XXXX",toma codigo postal
¿Cómo instalar la app?,Puedes descargar la app desde el siguiente link: https://play.google.com/store/apps/details?id=mx.com.topup&hl=pt_BR&gl=US,instalar app
